Date,App,Volume_Mn,Value_Cr,Category
2022-04-01,Airtel Payments Bank Apps,5.3,461,Bank Apps
2022-04-01,Amazon Pay,73.21,6700,Big Tech / Fintech
2022-04-01,Axis Bank Apps,64.03,1257,Bank Apps
2022-04-01,BHIM,25.69,8354,Government (NPCI)
2022-04-01,CRED,13.05,16373,New-age Fintech
2022-04-01,Google Pay,1914.77,344791,Big Tech / Fintech
2022-04-01,HDFC Bank Apps,5.9,1759,Bank Apps
2022-04-01,ICICI Bank Apps,37.65,9356,Bank Apps
2022-04-01,Kotak Mahindra Bank Apps,7.96,1684,Bank Apps
2022-04-01,Others,33.29,9834,Others
2022-04-01,Paytm,851.61,101649,Big Tech / Fintech
2022-04-01,PhonePe,2616.26,486557,Big Tech / Fintech
2022-04-01,Yes Bank Apps,34.07,10247,Bank Apps
2022-05-01,Airtel Payments Bank Apps,6.11,487,Bank Apps
2022-05-01,Amazon Pay,74.83,6954,Big Tech / Fintech
2022-05-01,Axis Bank Apps,58.66,1425,Bank Apps
2022-05-01,BHIM,26.57,9560,Government (NPCI)
2022-05-01,CRED,13.89,18175,New-age Fintech
2022-05-01,Google Pay,2079.92,365989,Big Tech / Fintech
2022-05-01,HDFC Bank Apps,6.95,1981,Bank Apps
2022-05-01,ICICI Bank Apps,37.59,11057,Bank Apps
2022-05-01,Kotak Mahindra Bank Apps,8.5,1885,Bank Apps
2022-05-01,Others,39.05,9442,Others
2022-05-01,Paytm,887.45,108277,Big Tech / Fintech
2022-05-01,PhonePe,2778.75,511029,Big Tech / Fintech
2022-05-01,Yes Bank Apps,39.69,11760,Bank Apps
2022-06-01,Amazon Pay,68.4,6542,Big Tech / Fintech
2022-06-01,Axis Bank Apps,52.6,1268,Bank Apps
2022-06-01,BHIM,22.6,7528,Government (NPCI)
2022-06-01,CRED,13.4,17583,New-age Fintech
2022-06-01,Google Pay,2025.89,355137,Big Tech / Fintech
2022-06-01,HDFC Bank Apps,8.24,2066,Bank Apps
2022-06-01,ICICI Bank Apps,39.37,10202,Bank Apps
2022-06-01,Kotak Mahindra Bank Apps,8.33,1762,Bank Apps
2022-06-01,Others,45.02,9443,Others
2022-06-01,Paytm,877.5,102120,Big Tech / Fintech
2022-06-01,PhonePe,2732.59,501474,Big Tech / Fintech
2022-06-01,WhatsApp,23.04,429,Big Tech / Fintech
2022-06-01,Yes Bank Apps,44.03,11147,Bank Apps
2022-07-01,Amazon Pay,68.77,6752,Big Tech / Fintech
2022-07-01,Axis Bank Apps,53.99,1214,Bank Apps
2022-07-01,BHIM,24.48,7824,Government (NPCI)
2022-07-01,CRED,14.89,19716,New-age Fintech
2022-07-01,Google Pay,2130.63,366669,Big Tech / Fintech
2022-07-01,HDFC Bank Apps,9.38,2341,Bank Apps
2022-07-01,ICICI Bank Apps,37.34,11509,Bank Apps
2022-07-01,IDFC Bank Apps,8.28,645,Bank Apps
2022-07-01,Kotak Mahindra Bank Apps,8.86,1816,Bank Apps
2022-07-01,Others,47.63,9551,Others
2022-07-01,Paytm,933.88,111150,Big Tech / Fintech
2022-07-01,PhonePe,2993.83,524742,Big Tech / Fintech
2022-07-01,Yes Bank Apps,60.8,15236,Bank Apps
2022-08-01,Amazon Pay,62.43,6353,Big Tech / Fintech
2022-08-01,Axis Bank Apps,58.11,1358,Bank Apps
2022-08-01,BHIM,24.99,7860,Government (NPCI)
2022-08-01,CRED,14.81,19084,New-age Fintech
2022-08-01,Google Pay,2212.73,371081,Big Tech / Fintech
2022-08-01,HDFC Bank Apps,9.83,2415,Bank Apps
2022-08-01,ICICI Bank Apps,45.59,10725,Bank Apps
2022-08-01,IDFC Bank Apps,10.19,762,Bank Apps
2022-08-01,Kotak Mahindra Bank Apps,9.28,1939,Bank Apps
2022-08-01,Others,50.86,10042,Others
2022-08-01,Paytm,986.39,114217,Big Tech / Fintech
2022-08-01,PhonePe,3146.71,528433,Big Tech / Fintech
2022-08-01,Yes Bank Apps,57.8,16235,Bank Apps
2022-09-01,Amazon Pay,57.38,6015,Big Tech / Fintech
2022-09-01,Axis Bank Apps,57.72,1469,Bank Apps
2022-09-01,BHIM,25.17,8309,Government (NPCI)
2022-09-01,CRED,14.96,19238,New-age Fintech
2022-09-01,Google Pay,2296.14,387996,Big Tech / Fintech
2022-09-01,HDFC Bank Apps,10.98,2686,Bank Apps
2022-09-01,ICICI Bank Apps,34.84,10402,Bank Apps
2022-09-01,IDFC Bank Apps,11.53,825,Bank Apps
2022-09-01,Kotak Mahindra Bank Apps,10.52,2231,Bank Apps
2022-09-01,Others,53.57,9885,Others
2022-09-01,Paytm,1037.2,120805,Big Tech / Fintech
2022-09-01,PhonePe,3216.78,549584,Big Tech / Fintech
2022-09-01,Yes Bank Apps,63.1,16138,Bank Apps
2022-10-01,Amazon Pay,56.42,6061,Big Tech / Fintech
2022-10-01,Axis Bank Apps,59.99,1556,Bank Apps
2022-10-01,BHIM,25.49,8523,Government (NPCI)
2022-10-01,CRED,21.28,20260,New-age Fintech
2022-10-01,Google Pay,2496.42,420978,Big Tech / Fintech
2022-10-01,HDFC Bank Apps,11.96,2997,Bank Apps
2022-10-01,ICICI Bank Apps,41.61,14530,Bank Apps
2022-10-01,IDFC Bank Apps,9.98,888,Bank Apps
2022-10-01,Kotak Mahindra Bank Apps,11.46,2427,Bank Apps
2022-10-01,Others,61.31,10915,Others
2022-10-01,Paytm,1109.6,133621,Big Tech / Fintech
2022-10-01,PhonePe,3452.87,593759,Big Tech / Fintech
2022-10-01,Yes Bank Apps,55.94,16071,Bank Apps
2022-11-01,Amazon Pay,59.76,5873,Big Tech / Fintech
2022-11-01,Axis Bank Apps,77.77,1121,Bank Apps
2022-11-01,BHIM,25.01,8145,Government (NPCI)
2022-11-01,CRED,25.63,18600,New-age Fintech
2022-11-01,Google Pay,2541.14,409715,Big Tech / Fintech
2022-11-01,HDFC Bank Apps,10.66,2758,Bank Apps
2022-11-01,ICICI Bank Apps,44.07,14751,Bank Apps
2022-11-01,IDFC Bank Apps,10.47,903,Bank Apps
2022-11-01,Kotak Mahindra Bank Apps,10.93,2305,Bank Apps
2022-11-01,Others,63.38,10677,Others
2022-11-01,Paytm,1081.47,128806,Big Tech / Fintech
2022-11-01,PhonePe,3418.75,591328,Big Tech / Fintech
2022-11-01,Yes Bank Apps,43.58,14902,Bank Apps
2022-12-01,Amazon Pay,69.61,6622,Big Tech / Fintech
2022-12-01,Axis Bank Apps,65.56,1305,Bank Apps
2022-12-01,BHIM,25.5,8400,Government (NPCI)
2022-12-01,CRED,31.42,19622,New-age Fintech
2022-12-01,Google Pay,2712.34,440371,Big Tech / Fintech
2022-12-01,HDFC Bank Apps,11.81,3143,Bank Apps
2022-12-01,ICICI Bank Apps,48.29,16125,Bank Apps
2022-12-01,Kotak Mahindra Bank Apps,11.53,2480,Bank Apps
2022-12-01,Others,71.43,11638,Others
2022-12-01,Paytm,1170.34,138822,Big Tech / Fintech
2022-12-01,PhonePe,3674.24,639349,Big Tech / Fintech
2022-12-01,WhatsApp,11.05,917,Big Tech / Fintech
2022-12-01,Yes Bank Apps,36.16,13415,Bank Apps
2023-01-01,Amazon Pay,57.75,5797,Big Tech / Fintech
2023-01-01,Axis Bank Apps,56.28,1468,Bank Apps
2023-01-01,BHIM,24.96,8165,Government (NPCI)
2023-01-01,CRED,35.18,19107,New-age Fintech
2023-01-01,FamApp by Trio,12.8,176,New-age Fintech
2023-01-01,Google Pay,2782.42,443725,Big Tech / Fintech
2023-01-01,HDFC Bank Apps,12.3,3325,Bank Apps
2023-01-01,ICICI Bank Apps,45.14,17088,Bank Apps
2023-01-01,Kotak Mahindra Bank Apps,12.14,2613,Bank Apps
2023-01-01,Others,76.36,13736,Others
2023-01-01,Paytm,1190.89,139673,Big Tech / Fintech
2023-01-01,PhonePe,3802.67,651109,Big Tech / Fintech
2023-01-01,Yes Bank Apps,33.96,12117,Bank Apps
2023-02-01,Amazon Pay,47.8,4982,Big Tech / Fintech
2023-02-01,Axis Bank Apps,51.95,1414,Bank Apps
2023-02-01,BHIM,23.21,7158,Government (NPCI)
2023-02-01,CRED,36.57,17902,New-age Fintech
2023-02-01,Google Pay,2639.55,424442,Big Tech / Fintech
2023-02-01,HDFC Bank Apps,11.87,3116,Bank Apps
2023-02-01,ICICI Bank Apps,40.52,14831,Bank Apps
2023-02-01,IDFC Bank Apps,22.28,3044,Bank Apps
2023-02-01,Kotak Mahindra Bank Apps,12.09,2522,Bank Apps
2023-02-01,Others,64.36,11291,Others
2023-02-01,Paytm,1137.53,136528,Big Tech / Fintech
2023-02-01,PhonePe,3519.12,620122,Big Tech / Fintech
2023-02-01,Yes Bank Apps,26.55,7518,Bank Apps
2023-03-01,Amazon Pay,50.56,5361,Big Tech / Fintech
2023-03-01,Axis Bank Apps,58.24,1977,Bank Apps
2023-03-01,BHIM,23.68,7498,Government (NPCI)
2023-03-01,CRED,42.84,21056,New-age Fintech
2023-03-01,Google Pay,3054.44,482897,Big Tech / Fintech
2023-03-01,HDFC Bank Apps,14.22,3645,Bank Apps
2023-03-01,ICICI Bank Apps,41.59,17624,Bank Apps
2023-03-01,IDFC Bank Apps,14.02,3306,Bank Apps
2023-03-01,Kotak Mahindra Bank Apps,13.77,2855,Bank Apps
2023-03-01,Others,81.03,12750,Others
2023-03-01,Paytm,1288.38,154430,Big Tech / Fintech
2023-03-01,PhonePe,4076.32,707410,Big Tech / Fintech
2023-03-01,Yes Bank Apps,31.47,10094,Bank Apps
2023-04-01,Amazon Pay,53.44,5351,Big Tech / Fintech
2023-04-01,Axis Bank Apps,51.74,1870,Bank Apps
2023-04-01,BHIM,23.77,7369,Government (NPCI)
2023-04-01,CRED,45.7,20730,New-age Fintech
2023-04-01,Google Pay,3109.24,474050,Big Tech / Fintech
2023-04-01,HDFC Bank Apps,14.48,3702,Bank Apps
2023-04-01,ICICI Bank Apps,41.98,16705,Bank Apps
2023-04-01,Kotak Mahindra Bank Apps,13.98,2846,Bank Apps
2023-04-01,Others,82.91,14283,Others
2023-04-01,Paytm,1299.25,155712,Big Tech / Fintech
2023-04-01,PhonePe,4216.99,710178,Big Tech / Fintech
2023-04-01,WhatsApp,14.83,1319,Big Tech / Fintech
2023-04-01,Yes Bank Apps,35.33,12455,Bank Apps
2023-05-01,Amazon Pay,57.08,5773,Big Tech / Fintech
2023-05-01,Axis Bank Apps,47.38,1916,Bank Apps
2023-05-01,BHIM,22.96,7210,Government (NPCI)
2023-05-01,CRED,61.04,23427,New-age Fintech
2023-05-01,Google Pay,3274.69,497748,Big Tech / Fintech
2023-05-01,HDFC Bank Apps,16.07,3983,Bank Apps
2023-05-01,ICICI Bank Apps,43.92,17101,Bank Apps
2023-05-01,Kotak Mahindra Bank Apps,16.31,3139,Bank Apps
2023-05-01,Others,84.03,13904,Others
2023-05-01,Paytm,1342.28,164844,Big Tech / Fintech
2023-05-01,PhonePe,4499.2,757277,Big Tech / Fintech
2023-05-01,WhatsApp,15.98,1477,Big Tech / Fintech
2023-05-01,Yes Bank Apps,42.65,13006,Bank Apps
2023-06-01,Amazon Pay,52.89,5648,Big Tech / Fintech
2023-06-01,Axis Bank Apps,47.64,2232,Bank Apps
2023-06-01,BHIM,23.11,7289,Government (NPCI)
2023-06-01,CRED,73.93,26432,New-age Fintech
2023-06-01,Google Pay,3266.83,494088,Big Tech / Fintech
2023-06-01,HDFC Bank Apps,17.56,4169,Bank Apps
2023-06-01,ICICI Bank Apps,37.63,16244,Bank Apps
2023-06-01,Kotak Mahindra Bank Apps,17.38,3203,Bank Apps
2023-06-01,Others,84.9,15347,Others
2023-06-01,Paytm,1307.48,162495,Big Tech / Fintech
2023-06-01,PhonePe,4461.36,745552,Big Tech / Fintech
2023-06-01,WhatsApp,16.0,1443,Big Tech / Fintech
2023-06-01,Yes Bank Apps,36.46,12998,Bank Apps
2023-07-01,Amazon Pay,57.6,6164,Big Tech / Fintech
2023-07-01,Axis Bank Apps,64.3,3217,Bank Apps
2023-07-01,BHIM,24.94,8245,Government (NPCI)
2023-07-01,CRED,80.34,31000,New-age Fintech
2023-07-01,Google Pay,3494.64,518095,Big Tech / Fintech
2023-07-01,HDFC Bank Apps,17.77,4411,Bank Apps
2023-07-01,ICICI Bank Apps,35.92,17770,Bank Apps
2023-07-01,Kotak Mahindra Bank Apps,18.56,3481,Bank Apps
2023-07-01,Others,96.12,18299,Others
2023-07-01,Paytm,1393.66,170767,Big Tech / Fintech
2023-07-01,PhonePe,4743.66,761248,Big Tech / Fintech
2023-07-01,WhatsApp,17.84,1599,Big Tech / Fintech
2023-07-01,Yes Bank Apps,32.01,11503,Bank Apps
2023-08-01,Amazon Pay,54.02,5837,Big Tech / Fintech
2023-08-01,Axis Bank Apps,69.43,3037,Bank Apps
2023-08-01,BHIM,24.61,7794,Government (NPCI)
2023-08-01,CRED,85.13,31926,New-age Fintech
2023-08-01,FamApp by Trio,20.27,236,New-age Fintech
2023-08-01,Google Pay,3767.68,538113,Big Tech / Fintech
2023-08-01,ICICI Bank Apps,38.57,20999,Bank Apps
2023-08-01,Kotak Mahindra Bank Apps,21.17,3678,Bank Apps
2023-08-01,Others,103.69,22197,Others
2023-08-01,Paytm,1484.82,176805,Big Tech / Fintech
2023-08-01,PhonePe,4987.33,775266,Big Tech / Fintech
2023-08-01,WhatsApp,19.7,1678,Big Tech / Fintech
2023-08-01,Yes Bank Apps,28.94,11255,Bank Apps
2023-09-01,Amazon Pay,48.78,5386,Big Tech / Fintech
2023-09-01,Axis Bank Apps,68.76,3585,Bank Apps
2023-09-01,BHIM,24.15,8005,Government (NPCI)
2023-09-01,CRED,86.5,31558,New-age Fintech
2023-09-01,FamApp by Trio,22.88,263,New-age Fintech
2023-09-01,Google Pay,3780.89,541624,Big Tech / Fintech
2023-09-01,ICICI Bank Apps,37.52,20053,Bank Apps
2023-09-01,Kotak Mahindra Bank Apps,21.57,3737,Bank Apps
2023-09-01,Others,105.35,22843,Others
2023-09-01,Paytm,1451.99,176865,Big Tech / Fintech
2023-09-01,PhonePe,4972.81,774846,Big Tech / Fintech
2023-09-01,WhatsApp,20.55,1732,Big Tech / Fintech
2023-09-01,Yes Bank Apps,28.49,10848,Bank Apps
2023-10-01,Amazon Pay,54.39,6297,Big Tech / Fintech
2023-10-01,Axis Bank Apps,74.42,4932,Bank Apps
2023-10-01,BHIM,25.74,8175,Government (NPCI)
2023-10-01,CRED,94.52,34691,New-age Fintech
2023-10-01,FamApp by Trio,27.54,314,New-age Fintech
2023-10-01,Google Pay,4139.92,589299,Big Tech / Fintech
2023-10-01,ICICI Bank Apps,38.88,21318,Bank Apps
2023-10-01,Kotak Mahindra Bank Apps,23.83,4206,Bank Apps
2023-10-01,Others,118.98,25964,Others
2023-10-01,Paytm,1544.41,192975,Big Tech / Fintech
2023-10-01,PhonePe,5337.96,838372,Big Tech / Fintech
2023-10-01,WhatsApp,22.72,1903,Big Tech / Fintech
2023-10-01,Yes Bank Apps,28.27,11259,Bank Apps
2023-11-01,Amazon Pay,48.62,5738,Big Tech / Fintech
2023-11-01,Axis Bank Apps,66.02,3766,Bank Apps
2023-11-01,BHIM,23.49,7957,Government (NPCI)
2023-11-01,CRED,93.31,34541,New-age Fintech
2023-11-01,FamApp by Trio,28.43,337,New-age Fintech
2023-11-01,Google Pay,4099.08,599749,Big Tech / Fintech
2023-11-01,ICICI Bank Apps,40.75,23680,Bank Apps
2023-11-01,Kotak Mahindra Bank Apps,23.88,4342,Bank Apps
2023-11-01,Others,116.13,24160,Others
2023-11-01,Paytm,1479.47,191150,Big Tech / Fintech
2023-11-01,PhonePe,5281.68,854939,Big Tech / Fintech
2023-11-01,WhatsApp,22.29,1917,Big Tech / Fintech
2023-11-01,Yes Bank Apps,26.06,11071,Bank Apps
2023-12-01,Amazon Pay,54.16,5983,Big Tech / Fintech
2023-12-01,Axis Bank Apps,86.9,6100,Bank Apps
2023-12-01,BHIM,24.3,8431,Government (NPCI)
2023-12-01,CRED,105.31,37293,New-age Fintech
2023-12-01,FamApp by Trio,34.23,393,New-age Fintech
2023-12-01,Google Pay,4375.29,629285,Big Tech / Fintech
2023-12-01,ICICI Bank Apps,40.09,20885,Bank Apps
2023-12-01,Kotak Mahindra Bank Apps,26.36,4738,Bank Apps
2023-12-01,Others,129.91,27345,Others
2023-12-01,Paytm,1573.61,191556,Big Tech / Fintech
2023-12-01,PhonePe,5642.66,901007,Big Tech / Fintech
2023-12-01,WhatsApp,25.25,2113,Big Tech / Fintech
2023-12-01,Yes Bank Apps,28.37,12369,Bank Apps
2024-01-01,Amazon Pay,59.48,6289,Big Tech / Fintech
2024-01-01,Axis Bank Apps,80.17,5722,Bank Apps
2024-01-01,BHIM,29.98,8779,Government (NPCI)
2024-01-01,CRED,108.86,38230,New-age Fintech
2024-01-01,FamApp by Trio,36.62,418,New-age Fintech
2024-01-01,Google Pay,4442.86,635946,Big Tech / Fintech
2024-01-01,HDFC Bank Apps,30.98,5476,Bank Apps
2024-01-01,ICICI Bank Apps,40.62,24116,Bank Apps
2024-01-01,Kotak Mahindra Bank Apps,28.24,4981,Bank Apps
2024-01-01,Others,137.53,36576,Others
2024-01-01,Paytm,1569.63,192615,Big Tech / Fintech
2024-01-01,PhonePe,5734.54,906794,Big Tech / Fintech
2024-01-01,WhatsApp,26.08,2133,Big Tech / Fintech
2024-02-01,Amazon Pay,59.71,6278,Big Tech / Fintech
2024-02-01,Axis Bank Apps,30.93,8719,Bank Apps
2024-02-01,BHIM,56.16,9052,Government (NPCI)
2024-02-01,CRED,111.53,38650,New-age Fintech
2024-02-01,FamApp by Trio,37.89,433,New-age Fintech
2024-02-01,Google Pay,4508.12,637265,Big Tech / Fintech
2024-02-01,HDFC Bank Apps,37.37,4356,Bank Apps
2024-02-01,ICICI Bank Apps,38.92,19687,Bank Apps
2024-02-01,Kotak Mahindra Bank Apps,31.5,5127,Bank Apps
2024-02-01,Others,135.79,34264,Others
2024-02-01,Paytm,1340.35,159569,Big Tech / Fintech
2024-02-01,PhonePe,5760.01,915586,Big Tech / Fintech
2024-02-01,WhatsApp,26.76,2175,Big Tech / Fintech
2024-03-01,Amazon Pay,65.35,6773,Big Tech / Fintech
2024-03-01,Axis Bank Apps,94.6,7436,Bank Apps
2024-03-01,BHIM,30.04,8339,Government (NPCI)
2024-03-01,CRED,132.31,44992,New-age Fintech
2024-03-01,FamApp by Trio,43.69,528,New-age Fintech
2024-03-01,Google Pay,5061.18,695196,Big Tech / Fintech
2024-03-01,HDFC Bank Apps,35.03,7293,Bank Apps
2024-03-01,ICICI Bank Apps,45.98,26497,Bank Apps
2024-03-01,Kotak Mahindra Bank Apps,39.14,5763,Bank Apps
2024-03-01,Others,150.09,37118,Others
2024-03-01,Paytm,1230.04,134407,Big Tech / Fintech
2024-03-01,PhonePe,6502.15,1002388,Big Tech / Fintech
2024-03-01,WhatsApp,31.21,2537,Big Tech / Fintech
2024-04-01,Amazon Pay,64.33,6785,Big Tech / Fintech
2024-04-01,Axis Bank Apps,69.8,6483,Bank Apps
2024-04-01,BHIM,25.48,8671,Government (NPCI)
2024-04-01,CRED,138.46,43233,New-age Fintech
2024-04-01,FamApp by Trio,46.64,588,New-age Fintech
2024-04-01,Google Pay,5027.32,694190,Big Tech / Fintech
2024-04-01,HDFC Bank Apps,35.99,7690,Bank Apps
2024-04-01,ICICI Bank Apps,47.41,26639,Bank Apps
2024-04-01,Kotak Mahindra Bank Apps,41.54,6102,Bank Apps
2024-04-01,Others,156.15,36612,Others
2024-04-01,Paytm,1117.13,122554,Big Tech / Fintech
2024-04-01,PhonePe,6500.14,1001680,Big Tech / Fintech
2024-04-01,WhatsApp,34.12,2816,Big Tech / Fintech
2024-05-01,Amazon Pay,68.34,7419,Big Tech / Fintech
2024-05-01,Axis Bank Apps,64.08,5910,Bank Apps
2024-05-01,CRED,140.08,47547,New-age Fintech
2024-05-01,FamApp by Trio,50.1,631,New-age Fintech
2024-05-01,Google Pay,5219.56,723316,Big Tech / Fintech
2024-05-01,HDFC Bank Apps,35.43,8104,Bank Apps
2024-05-01,ICICI Bank Apps,52.1,28444,Bank Apps
2024-05-01,Kotak Mahindra Bank Apps,43.41,6178,Bank Apps
2024-05-01,Navi,29.72,958,New-age Fintech
2024-05-01,Others,172.24,45777,Others
2024-05-01,Paytm,1140.01,124705,Big Tech / Fintech
2024-05-01,PhonePe,6831.92,1033589,Big Tech / Fintech
2024-05-01,WhatsApp,36.45,2939,Big Tech / Fintech
2024-06-01,Amazon Pay,67.07,7377,Big Tech / Fintech
2024-06-01,Axis Bank Apps,75.07,6614,Bank Apps
2024-06-01,CRED,138.42,45720,New-age Fintech
2024-06-01,FamApp by Trio,50.78,641,New-age Fintech
2024-06-01,Google Pay,5103.99,707241,Big Tech / Fintech
2024-06-01,HDFC Bank Apps,34.6,8167,Bank Apps
2024-06-01,ICICI Bank Apps,51.65,29996,Bank Apps
2024-06-01,Kotak Mahindra Bank Apps,42.65,6073,Bank Apps
2024-06-01,Navi,35.72,1770,New-age Fintech
2024-06-01,Others,170.99,45845,Others
2024-06-01,Paytm,1104.89,120840,Big Tech / Fintech
2024-06-01,PhonePe,6716.09,1009065,Big Tech / Fintech
2024-06-01,WhatsApp,37.18,2924,Big Tech / Fintech
2024-07-01,Amazon Pay,72.41,7996,Big Tech / Fintech
2024-07-01,Axis Bank Apps,108.57,6335,Bank Apps
2024-07-01,CRED,142.56,48999,New-age Fintech
2024-07-01,FamApp by Trio,52.04,639,New-age Fintech
2024-07-01,Google Pay,5341.23,735159,Big Tech / Fintech
2024-07-01,HDFC Bank Apps,35.28,8748,Bank Apps
2024-07-01,ICICI Bank Apps,52.91,28529,Bank Apps
2024-07-01,Kotak Mahindra Bank Apps,44.8,6488,Bank Apps
2024-07-01,Navi,68.47,3575,New-age Fintech
2024-07-01,Others,191.27,51390,Others
2024-07-01,Paytm,1128.97,123467,Big Tech / Fintech
2024-07-01,PhonePe,6983.97,1028799,Big Tech / Fintech
2024-07-01,WhatsApp,41.39,3215,Big Tech / Fintech
2024-08-01,Amazon Pay,70.72,7744,Big Tech / Fintech
2024-08-01,Axis Bank Apps,113.97,5834,Bank Apps
2024-08-01,CRED,147.48,50721,New-age Fintech
2024-08-01,FamApp by Trio,57.16,686,New-age Fintech
2024-08-01,Google Pay,5592.45,742223,Big Tech / Fintech
2024-08-01,HDFC Bank Apps,36.0,8835,Bank Apps
2024-08-01,ICICI Bank Apps,51.31,21309,Bank Apps
2024-08-01,Kotak Mahindra Bank Apps,46.94,6349,Bank Apps
2024-08-01,Navi,88.71,4651,New-age Fintech
2024-08-01,Others,215.33,50157,Others
2024-08-01,Paytm,1078.9,113672,Big Tech / Fintech
2024-08-01,PhonePe,7236.49,1033264,Big Tech / Fintech
2024-08-01,WhatsApp,45.43,3422,Big Tech / Fintech
2024-09-01,Amazon Pay,70.98,7845,Big Tech / Fintech
2024-09-01,Axis Bank Apps,120.38,5986,Bank Apps
2024-09-01,CRED,140.0,47983,New-age Fintech
2024-09-01,FamApp by Trio,61.05,714,New-age Fintech
2024-09-01,Google Pay,5625.22,746690,Big Tech / Fintech
2024-09-01,HDFC Bank Apps,36.14,8997,Bank Apps
2024-09-01,ICICI Bank Apps,53.59,21076,Bank Apps
2024-09-01,Kotak Mahindra Bank Apps,47.14,6413,Bank Apps
2024-09-01,Navi,120.41,6549,New-age Fintech
2024-09-01,Others,243.18,51369,Others
2024-09-01,Paytm,1064.62,113352,Big Tech / Fintech
2024-09-01,PhonePe,7221.22,1030871,Big Tech / Fintech
2024-09-01,WhatsApp,48.75,3587,Big Tech / Fintech
2024-10-01,Amazon Pay,79.55,9206,Big Tech / Fintech
2024-10-01,Axis Bank Apps,139.68,6830,Bank Apps
2024-10-01,CRED,152.28,55202,New-age Fintech
2024-10-01,FamApp by Trio,69.9,825,New-age Fintech
2024-10-01,Google Pay,6201.81,849327,Big Tech / Fintech
2024-10-01,ICICI Bank Apps,57.54,23687,Bank Apps
2024-10-01,Kotak Mahindra Bank Apps,51.92,7565,Bank Apps
2024-10-01,Navi,157.51,8842,New-age Fintech
2024-10-01,Others,288.04,68424,Others
2024-10-01,Paytm,1165.01,129585,Big Tech / Fintech
2024-10-01,PhonePe,7905.54,1169290,Big Tech / Fintech
2024-10-01,WhatsApp,55.07,4137,Big Tech / Fintech
2024-10-01,super.money,49.68,2168,New-age Fintech
2024-11-01,Amazon Pay,71.6,7915,Big Tech / Fintech
2024-11-01,Axis Bank Apps,130.36,6338,Bank Apps
2024-11-01,CRED,138.24,50560,New-age Fintech
2024-11-01,FamApp by Trio,67.41,777,New-age Fintech
2024-11-01,Google Pay,5739.12,764640,Big Tech / Fintech
2024-11-01,ICICI Bank Apps,53.71,21498,Bank Apps
2024-11-01,Kotak Mahindra Bank Apps,47.35,6583,Bank Apps
2024-11-01,Navi,152.95,8806,New-age Fintech
2024-11-01,Others,269.58,59535,Others
2024-11-01,Paytm,1075.09,118004,Big Tech / Fintech
2024-11-01,PhonePe,7401.93,1088635,Big Tech / Fintech
2024-11-01,WhatsApp,51.76,3890,Big Tech / Fintech
2024-11-01,super.money,78.49,3130,New-age Fintech
2024-12-01,Amazon Pay,91.94,9331,Big Tech / Fintech
2024-12-01,Axis Bank Apps,128.36,6160,Bank Apps
2024-12-01,CRED,143.07,50980,New-age Fintech
2024-12-01,FamApp by Trio,75.74,871,New-age Fintech
2024-12-01,Google Pay,6140.47,822598,Big Tech / Fintech
2024-12-01,ICICI Bank Apps,61.86,21905,Bank Apps
2024-12-01,Kotak Mahindra Bank Apps,52.06,7286,Bank Apps
2024-12-01,Navi,202.53,11317,New-age Fintech
2024-12-01,Others,306.9,66863,Others
2024-12-01,Paytm,1150.96,125740,Big Tech / Fintech
2024-12-01,PhonePe,7984.05,1176300,Big Tech / Fintech
2024-12-01,WhatsApp,57.85,4348,Big Tech / Fintech
2024-12-01,super.money,101.81,3866,New-age Fintech
2025-01-01,Amazon Pay,99.95,9843,Big Tech / Fintech
2025-01-01,Axis Bank Apps,126.62,7769,Bank Apps
2025-01-01,CRED,137.44,49483,New-age Fintech
2025-01-01,FamApp by Trio,79.01,896,New-age Fintech
2025-01-01,Google Pay,6183.91,826845,Big Tech / Fintech
2025-01-01,ICICI Bank Apps,58.23,18929,Bank Apps
2025-01-01,Kotak Mahindra Bank Apps,53.71,7490,Bank Apps
2025-01-01,Navi,242.83,13221,New-age Fintech
2025-01-01,Others,331.25,69348,Others
2025-01-01,Paytm,1152.34,126313,Big Tech / Fintech
2025-01-01,PhonePe,8102.44,1191304,Big Tech / Fintech
2025-01-01,WhatsApp,60.99,4550,Big Tech / Fintech
2025-01-01,super.money,124.83,4566,New-age Fintech
2025-02-01,Amazon Pay,93.31,9077,Big Tech / Fintech
2025-02-01,Axis Bank Apps,117.7,9197,Bank Apps
2025-02-01,CRED,126.48,45128,New-age Fintech
2025-02-01,FamApp by Trio,77.08,876,New-age Fintech
2025-02-01,Google Pay,5836.8,771089,Big Tech / Fintech
2025-02-01,ICICI Bank Apps,54.11,14375,Bank Apps
2025-02-01,Kotak Mahindra Bank Apps,50.53,6872,Bank Apps
2025-02-01,Navi,260.75,14323,New-age Fintech
2025-02-01,Others,320.27,63521,Others
2025-02-01,Paytm,1079.64,117090,Big Tech / Fintech
2025-02-01,PhonePe,7656.4,1118964,Big Tech / Fintech
2025-02-01,WhatsApp,58.86,4350,Big Tech / Fintech
2025-02-01,super.money,139.1,4812,New-age Fintech
2025-03-01,Amazon Pay,111.06,10607,Big Tech / Fintech
2025-03-01,Axis Bank Apps,145.78,9967,Bank Apps
2025-03-01,CRED,144.82,55091,New-age Fintech
2025-03-01,FamApp by Trio,89.94,1099,New-age Fintech
2025-03-01,Google Pay,6596.76,866568,Big Tech / Fintech
2025-03-01,HDFC Bank Apps,60.94,11790,Bank Apps
2025-03-01,ICICI Bank Apps,67.63,16697,Bank Apps
2025-03-01,Navi,324.42,18019,New-age Fintech
2025-03-01,Others,378.37,65891,Others
2025-03-01,Paytm,1221.12,132912,Big Tech / Fintech
2025-03-01,PhonePe,8647.78,1257076,Big Tech / Fintech
2025-03-01,WhatsApp,66.23,4958,Big Tech / Fintech
2025-03-01,super.money,171.75,5933,New-age Fintech
2025-04-01,Amazon Pay,98.26,9967,Big Tech / Fintech
2025-04-01,Axis Bank Apps,120.05,9148,Bank Apps
2025-04-01,CRED,134.67,49753,New-age Fintech
2025-04-01,FamApp by Trio,99.91,1242,New-age Fintech
2025-04-01,Google Pay,6488.55,842629,Big Tech / Fintech
2025-04-01,ICICI Bank Apps,58.11,16224,Bank Apps
2025-04-01,Kotak Mahindra Bank Apps,57.73,7682,Bank Apps
2025-04-01,Navi,344.21,18841,New-age Fintech
2025-04-01,Others,396.46,71955,Others
2025-04-01,Paytm,1210.24,131154,Big Tech / Fintech
2025-04-01,PhonePe,8362.31,1205047,Big Tech / Fintech
2025-04-01,WhatsApp,67.4,5065,Big Tech / Fintech
2025-04-01,super.money,175.24,5925,New-age Fintech
2025-05-01,Amazon Pay,98.68,10343,Big Tech / Fintech
2025-05-01,Axis Bank Apps,120.03,9684,Bank Apps
2025-05-01,BHIM,64.6,11244,Government (NPCI)
2025-05-01,CRED,141.95,55243,New-age Fintech
2025-05-01,FamApp by Trio,110.38,1415,New-age Fintech
2025-05-01,Google Pay,6740.42,884735,Big Tech / Fintech
2025-05-01,HDFC Bank Apps,63.19,14807,Bank Apps
2025-05-01,Navi,386.21,21350,New-age Fintech
2025-05-01,Others,425.73,76453,Others
2025-05-01,Paytm,1277.56,138069,Big Tech / Fintech
2025-05-01,PhonePe,8682.08,1256541,Big Tech / Fintech
2025-05-01,WhatsApp,70.19,5281,Big Tech / Fintech
2025-05-01,super.money,203.42,7054,New-age Fintech
2025-06-01,Amazon Pay,93.25,9942,Big Tech / Fintech
2025-06-01,Axis Bank Apps,126.27,9389,Bank Apps
2025-06-01,BHIM,73.07,11726,Government (NPCI)
2025-06-01,CRED,138.32,51384,New-age Fintech
2025-06-01,FamApp by Trio,112.75,1440,New-age Fintech
2025-06-01,Google Pay,6540.92,840931,Big Tech / Fintech
2025-06-01,HDFC Bank Apps,67.46,14298,Bank Apps
2025-06-01,Navi,406.01,21815,New-age Fintech
2025-06-01,Others,439.31,74526,Others
2025-06-01,Paytm,1269.16,134171,Big Tech / Fintech
2025-06-01,PhonePe,8547.04,1198690,Big Tech / Fintech
2025-06-01,WhatsApp,67.48,4989,Big Tech / Fintech
2025-06-01,super.money,218.96,7716,New-age Fintech
2025-07-01,Amazon Pay,100.53,10814,Big Tech / Fintech
2025-07-01,Axis Bank Apps,123.44,9773,Bank Apps
2025-07-01,BHIM,87.13,14522,Government (NPCI)
2025-07-01,CRED,144.38,55260,New-age Fintech
2025-07-01,FamApp by Trio,125.0,1564,New-age Fintech
2025-07-01,Google Pay,6922.92,891297,Big Tech / Fintech
2025-07-01,ICICI Bank Apps,71.33,17102,Bank Apps
2025-07-01,Navi,444.06,23563,New-age Fintech
2025-07-01,Others,501.75,81063,Others
2025-07-01,Paytm,1366.05,143651,Big Tech / Fintech
2025-07-01,PhonePe,8931.24,1220141,Big Tech / Fintech
2025-07-01,WhatsApp,74.6,5413,Big Tech / Fintech
2025-07-01,super.money,252.85,9019,New-age Fintech
2025-08-01,Amazon Pay,98.98,10831,Big Tech / Fintech
2025-08-01,Axis Bank Apps,135.14,9813,Bank Apps
2025-08-01,BHIM,100.17,15003,Government (NPCI)
2025-08-01,CRED,150.0,55756,New-age Fintech
2025-08-01,FamApp by Trio,135.65,1709,New-age Fintech
2025-08-01,Google Pay,7063.76,883682,Big Tech / Fintech
2025-08-01,ICICI Bank Apps,75.8,16590,Bank Apps
2025-08-01,Navi,504.45,25397,New-age Fintech
2025-08-01,Others,513.68,81737,Others
2025-08-01,Paytm,1407.23,143485,Big Tech / Fintech
2025-08-01,PhonePe,9152.54,1199458,Big Tech / Fintech
2025-08-01,WhatsApp,78.21,5583,Big Tech / Fintech
2025-08-01,super.money,256.64,9290,New-age Fintech
2025-09-01,Amazon Pay,91.4,10235,Big Tech / Fintech
2025-09-01,Axis Bank Apps,158.05,14911,Bank Apps
2025-09-01,BHIM,110.84,16273,Government (NPCI)
2025-09-01,CRED,147.86,54796,New-age Fintech
2025-09-01,FamApp by Trio,140.01,1752,New-age Fintech
2025-09-01,Google Pay,6832.93,873640,Big Tech / Fintech
2025-09-01,Kotak Mahindra Bank Apps,75.46,9169,Bank Apps
2025-09-01,Navi,526.02,26511,New-age Fintech
2025-09-01,Others,514.64,89209,Others
2025-09-01,Paytm,1394.07,145135,Big Tech / Fintech
2025-09-01,PhonePe,8961.78,1203788,Big Tech / Fintech
2025-09-01,WhatsApp,79.75,5769,Big Tech / Fintech
2025-09-01,super.money,256.34,9852,New-age Fintech
2025-10-01,Amazon Pay,91.65,10710,Big Tech / Fintech
2025-10-01,Axis Bank Apps,113.58,15761,Bank Apps
2025-10-01,BHIM,124.25,19376,Government (NPCI)
2025-10-01,CRED,157.99,62438,New-age Fintech
2025-10-01,FamApp by Trio,146.03,1901,New-age Fintech
2025-10-01,Google Pay,7164.43,954048,Big Tech / Fintech
2025-10-01,Kotak Mahindra Bank Apps,85.14,10843,Bank Apps
2025-10-01,Navi,573.79,30599,New-age Fintech
2025-10-01,Others,517.74,99116,Others
2025-10-01,Paytm,1498.54,166629,Big Tech / Fintech
2025-10-01,PhonePe,9410.55,1306265,Big Tech / Fintech
2025-10-01,WhatsApp,84.35,6513,Big Tech / Fintech
2025-10-01,super.money,264.77,10962,New-age Fintech
2025-11-01,Amazon Pay,86.58,9910,Big Tech / Fintech
2025-11-01,Axis Bank Apps,133.63,15516,Bank Apps
2025-11-01,BHIM,139.11,18281,Government (NPCI)
2025-11-01,CRED,153.54,59261,New-age Fintech
2025-11-01,FamApp by Trio,149.79,1868,New-age Fintech
2025-11-01,Google Pay,7020.94,905445,Big Tech / Fintech
2025-11-01,Kotak Mahindra Bank Apps,86.37,10393,Bank Apps
2025-11-01,Navi,606.61,32181,New-age Fintech
2025-11-01,Others,479.95,91026,Others
2025-11-01,Paytm,1518.95,163210,Big Tech / Fintech
2025-11-01,PhonePe,9322.29,1274723,Big Tech / Fintech
2025-11-01,WhatsApp,87.06,7168,Big Tech / Fintech
2025-11-01,super.money,265.07,10570,New-age Fintech
2025-12-01,Amazon Pay,86.48,10134,Big Tech / Fintech
2025-12-01,Axis Bank Apps,144.75,13612,Bank Apps
2025-12-01,BHIM,155.75,20247,Government (NPCI)
2025-12-01,CRED,157.25,59073,New-age Fintech
2025-12-01,FamApp by Trio,159.05,2007,New-age Fintech
2025-12-01,Google Pay,7311.67,956694,Big Tech / Fintech
2025-12-01,Kotak Mahindra Bank Apps,94.55,11501,Bank Apps
2025-12-01,Navi,671.89,35716,New-age Fintech
2025-12-01,Others,507.77,100417,Others
2025-12-01,Paytm,1624.45,175716,Big Tech / Fintech
2025-12-01,PhonePe,9799.14,1360502,Big Tech / Fintech
2025-12-01,WhatsApp,100.45,7399,Big Tech / Fintech
2025-12-01,super.money,286.86,11746,New-age Fintech
2026-01-01,Amazon Pay,83.99,10258,Big Tech / Fintech
2026-01-01,Axis Bank Apps,152.6,13207,Bank Apps
2026-01-01,BHIM,172.07,22026,Government (NPCI)
2026-01-01,CRED,156.86,58841,New-age Fintech
2026-01-01,FamApp by Trio,161.18,2038,New-age Fintech
2026-01-01,Google Pay,7229.11,956985,Big Tech / Fintech
2026-01-01,Kotak Mahindra Bank Apps,101.35,12305,Bank Apps
2026-01-01,Navi,709.26,37956,New-age Fintech
2026-01-01,Others,521.97,106788,Others
2026-01-01,Paytm,1659.49,181973,Big Tech / Fintech
2026-01-01,PhonePe,9913.63,1377459,Big Tech / Fintech
2026-01-01,WhatsApp,112.65,8358,Big Tech / Fintech
2026-01-01,super.money,298.41,12546,New-age Fintech
2026-02-01,Amazon Pay,75.81,9288,Big Tech / Fintech
2026-02-01,Axis Bank Apps,132.11,12158,Bank Apps
2026-02-01,BHIM,175.93,21264,Government (NPCI)
2026-02-01,CRED,145.98,54046,New-age Fintech
2026-02-01,FamApp by Trio,149.06,1899,New-age Fintech
2026-02-01,Google Pay,6767.14,903052,Big Tech / Fintech
2026-02-01,Kotak Mahindra Bank Apps,102.0,12296,Bank Apps
2026-02-01,Navi,650.28,36563,New-age Fintech
2026-02-01,Others,482.77,97048,Others
2026-02-01,Paytm,1595.09,174129,Big Tech / Fintech
2026-02-01,PhonePe,9284.22,1310393,Big Tech / Fintech
2026-02-01,WhatsApp,112.89,8557,Big Tech / Fintech
2026-02-01,super.money,289.32,12314,New-age Fintech
2026-03-01,Amazon Pay,87.58,10535,Big Tech / Fintech
2026-03-01,Axis Bank Apps,135.4,13181,Bank Apps
2026-03-01,BHIM,202.44,24719,Government (NPCI)
2026-03-01,CRED,163.2,62030,New-age Fintech
2026-03-01,FamApp by Trio,168.6,2250,New-age Fintech
2026-03-01,Google Pay,7535.71,999480,Big Tech / Fintech
2026-03-01,Kotak Mahindra Bank Apps,114.66,13890,Bank Apps
2026-03-01,Navi,790.34,43045,New-age Fintech
2026-03-01,Others,547.6,109841,Others
2026-03-01,Paytm,1770.0,192610,Big Tech / Fintech
2026-03-01,PhonePe,10503.81,1448287,Big Tech / Fintech
2026-03-01,WhatsApp,130.74,9917,Big Tech / Fintech
2026-03-01,super.money,341.24,14789,New-age Fintech
2026-04-01,Amazon Pay,83.77,10068,Big Tech / Fintech
2026-04-01,Axis Bank Apps,125.81,10254,Bank Apps
2026-04-01,BHIM,210.17,25198,Government (NPCI)
2026-04-01,CRED,157.51,56569,New-age Fintech
2026-04-01,FamApp by Trio,182.87,2503,New-age Fintech
2026-04-01,Google Pay,7359.44,972068,Big Tech / Fintech
2026-04-01,Kotak Mahindra Bank Apps,116.19,13895,Bank Apps
2026-04-01,Navi,801.87,42684,New-age Fintech
2026-04-01,Others,550.31,111045,Others
2026-04-01,Paytm,1778.06,194318,Big Tech / Fintech
2026-04-01,PhonePe,10330.3,1431723,Big Tech / Fintech
2026-04-01,WhatsApp,138.69,10498,Big Tech / Fintech
2026-04-01,super.money,369.41,16365,New-age Fintech
2026-05-01,Amazon Pay,87.34,10635,Big Tech / Fintech
2026-05-01,Axis Bank Apps,134.2,13185,Bank Apps
2026-05-01,BHIM,227.49,26014,Government (NPCI)
2026-05-01,CRED,157.19,61002,New-age Fintech
2026-05-01,FamApp by Trio,197.32,2739,New-age Fintech
2026-05-01,Google Pay,7598.37,1002878,Big Tech / Fintech
2026-05-01,Kotak Mahindra Bank Apps,121.8,14336,Bank Apps
2026-05-01,Navi,824.11,43602,New-age Fintech
2026-05-01,Others,574.87,113687,Others
2026-05-01,Paytm,1836.02,199103,Big Tech / Fintech
2026-05-01,PhonePe,10734.58,1467169,Big Tech / Fintech
2026-05-01,WhatsApp,150.43,11425,Big Tech / Fintech
2026-05-01,super.money,418.84,19423,New-age Fintech
2026-06-01,Amazon Pay,84.2,10157,Big Tech / Fintech
2026-06-01,Axis Bank Apps,136.16,13121,Bank Apps
2026-06-01,BHIM,223.54,25613,Government (NPCI)
2026-06-01,CRED,141.78,55117,New-age Fintech
2026-06-01,FamApp by Trio,195.31,2666,New-age Fintech
2026-06-01,Google Pay,7407.71,967056,Big Tech / Fintech
2026-06-01,Kotak Mahindra Bank Apps,122.08,14848,Bank Apps
2026-06-01,Navi,842.51,43949,New-age Fintech
2026-06-01,Others,564.99,111019,Others
2026-06-01,Paytm,1798.84,192617,Big Tech / Fintech
2026-06-01,PhonePe,10483.73,1419193,Big Tech / Fintech
2026-06-01,WhatsApp,150.48,11392,Big Tech / Fintech
2026-06-01,super.money,430.24,20252,New-age Fintech
2026-07-01,Amazon Pay,90.65,10978,Big Tech / Fintech
2026-07-01,Axis Bank Apps,143.77,13940,Bank Apps
2026-07-01,BHIM,242.27,28633,Government (NPCI)
2026-07-01,CRED,142.1,59279,New-age Fintech
2026-07-01,FamApp by Trio,206.19,2821,New-age Fintech
2026-07-01,Google Pay,7649.82,1001102,Big Tech / Fintech
2026-07-01,Kotak Mahindra Bank Apps,129.03,16316,Bank Apps
2026-07-01,Navi,947.08,48318,New-age Fintech
2026-07-01,Others,610.08,118729,Others
2026-07-01,Paytm,1903.87,204566,Big Tech / Fintech
2026-07-01,PhonePe,10857.91,1443983,Big Tech / Fintech
2026-07-01,WhatsApp,167.89,12957,Big Tech / Fintech
2026-07-01,super.money,437.27,20838,New-age Fintech
2026-08-01,Amazon Pay,95.93,11037,Big Tech / Fintech
2026-08-01,Axis Bank Apps,146.78,14024,Bank Apps
2026-08-01,BHIM,253.69,28778,Government (NPCI)
2026-08-01,CRED,143.94,57398,New-age Fintech
2026-08-01,FamApp by Trio,223.31,3023,New-age Fintech
2026-08-01,Google Pay,7907.38,1007464,Big Tech / Fintech
2026-08-01,Kotak Mahindra Bank Apps,137.79,17139,Bank Apps
2026-08-01,Navi,1078.88,52513,New-age Fintech
2026-08-01,Others,638.5,119513,Others
2026-08-01,Paytm,1967.9,204761,Big Tech / Fintech
2026-08-01,PhonePe,11185.1,1426254,Big Tech / Fintech
2026-08-01,WhatsApp,183.69,13948,Big Tech / Fintech
2026-08-01,super.money,421.87,20363,New-age Fintech
