Date,Year,MonthNo,Month,MonthYear,YearMonthKey,FY,FYQuarter
2016-04-01,2016,4,Apr,Apr 2016,201604,FY2016-17,Q1
2016-05-01,2016,5,May,May 2016,201605,FY2016-17,Q1
2016-06-01,2016,6,Jun,Jun 2016,201606,FY2016-17,Q1
2016-07-01,2016,7,Jul,Jul 2016,201607,FY2016-17,Q2
2016-08-01,2016,8,Aug,Aug 2016,201608,FY2016-17,Q2
2016-09-01,2016,9,Sep,Sep 2016,201609,FY2016-17,Q2
2016-10-01,2016,10,Oct,Oct 2016,201610,FY2016-17,Q3
2016-11-01,2016,11,Nov,Nov 2016,201611,FY2016-17,Q3
2016-12-01,2016,12,Dec,Dec 2016,201612,FY2016-17,Q3
2017-01-01,2017,1,Jan,Jan 2017,201701,FY2016-17,Q4
2017-02-01,2017,2,Feb,Feb 2017,201702,FY2016-17,Q4
2017-03-01,2017,3,Mar,Mar 2017,201703,FY2016-17,Q4
2017-04-01,2017,4,Apr,Apr 2017,201704,FY2017-18,Q1
2017-05-01,2017,5,May,May 2017,201705,FY2017-18,Q1
2017-06-01,2017,6,Jun,Jun 2017,201706,FY2017-18,Q1
2017-07-01,2017,7,Jul,Jul 2017,201707,FY2017-18,Q2
2017-08-01,2017,8,Aug,Aug 2017,201708,FY2017-18,Q2
2017-09-01,2017,9,Sep,Sep 2017,201709,FY2017-18,Q2
2017-10-01,2017,10,Oct,Oct 2017,201710,FY2017-18,Q3
2017-11-01,2017,11,Nov,Nov 2017,201711,FY2017-18,Q3
2017-12-01,2017,12,Dec,Dec 2017,201712,FY2017-18,Q3
2018-01-01,2018,1,Jan,Jan 2018,201801,FY2017-18,Q4
2018-02-01,2018,2,Feb,Feb 2018,201802,FY2017-18,Q4
2018-03-01,2018,3,Mar,Mar 2018,201803,FY2017-18,Q4
2018-04-01,2018,4,Apr,Apr 2018,201804,FY2018-19,Q1
2018-05-01,2018,5,May,May 2018,201805,FY2018-19,Q1
2018-06-01,2018,6,Jun,Jun 2018,201806,FY2018-19,Q1
2018-07-01,2018,7,Jul,Jul 2018,201807,FY2018-19,Q2
2018-08-01,2018,8,Aug,Aug 2018,201808,FY2018-19,Q2
2018-09-01,2018,9,Sep,Sep 2018,201809,FY2018-19,Q2
2018-10-01,2018,10,Oct,Oct 2018,201810,FY2018-19,Q3
2018-11-01,2018,11,Nov,Nov 2018,201811,FY2018-19,Q3
2018-12-01,2018,12,Dec,Dec 2018,201812,FY2018-19,Q3
2019-01-01,2019,1,Jan,Jan 2019,201901,FY2018-19,Q4
2019-02-01,2019,2,Feb,Feb 2019,201902,FY2018-19,Q4
2019-03-01,2019,3,Mar,Mar 2019,201903,FY2018-19,Q4
2019-04-01,2019,4,Apr,Apr 2019,201904,FY2019-20,Q1
2019-05-01,2019,5,May,May 2019,201905,FY2019-20,Q1
2019-06-01,2019,6,Jun,Jun 2019,201906,FY2019-20,Q1
2019-07-01,2019,7,Jul,Jul 2019,201907,FY2019-20,Q2
2019-08-01,2019,8,Aug,Aug 2019,201908,FY2019-20,Q2
2019-09-01,2019,9,Sep,Sep 2019,201909,FY2019-20,Q2
2019-10-01,2019,10,Oct,Oct 2019,201910,FY2019-20,Q3
2019-11-01,2019,11,Nov,Nov 2019,201911,FY2019-20,Q3
2019-12-01,2019,12,Dec,Dec 2019,201912,FY2019-20,Q3
2020-01-01,2020,1,Jan,Jan 2020,202001,FY2019-20,Q4
2020-02-01,2020,2,Feb,Feb 2020,202002,FY2019-20,Q4
2020-03-01,2020,3,Mar,Mar 2020,202003,FY2019-20,Q4
2020-04-01,2020,4,Apr,Apr 2020,202004,FY2020-21,Q1
2020-05-01,2020,5,May,May 2020,202005,FY2020-21,Q1
2020-06-01,2020,6,Jun,Jun 2020,202006,FY2020-21,Q1
2020-07-01,2020,7,Jul,Jul 2020,202007,FY2020-21,Q2
2020-08-01,2020,8,Aug,Aug 2020,202008,FY2020-21,Q2
2020-09-01,2020,9,Sep,Sep 2020,202009,FY2020-21,Q2
2020-10-01,2020,10,Oct,Oct 2020,202010,FY2020-21,Q3
2020-11-01,2020,11,Nov,Nov 2020,202011,FY2020-21,Q3
2020-12-01,2020,12,Dec,Dec 2020,202012,FY2020-21,Q3
2021-01-01,2021,1,Jan,Jan 2021,202101,FY2020-21,Q4
2021-02-01,2021,2,Feb,Feb 2021,202102,FY2020-21,Q4
2021-03-01,2021,3,Mar,Mar 2021,202103,FY2020-21,Q4
2021-04-01,2021,4,Apr,Apr 2021,202104,FY2021-22,Q1
2021-05-01,2021,5,May,May 2021,202105,FY2021-22,Q1
2021-06-01,2021,6,Jun,Jun 2021,202106,FY2021-22,Q1
2021-07-01,2021,7,Jul,Jul 2021,202107,FY2021-22,Q2
2021-08-01,2021,8,Aug,Aug 2021,202108,FY2021-22,Q2
2021-09-01,2021,9,Sep,Sep 2021,202109,FY2021-22,Q2
2021-10-01,2021,10,Oct,Oct 2021,202110,FY2021-22,Q3
2021-11-01,2021,11,Nov,Nov 2021,202111,FY2021-22,Q3
2021-12-01,2021,12,Dec,Dec 2021,202112,FY2021-22,Q3
2022-01-01,2022,1,Jan,Jan 2022,202201,FY2021-22,Q4
2022-02-01,2022,2,Feb,Feb 2022,202202,FY2021-22,Q4
2022-03-01,2022,3,Mar,Mar 2022,202203,FY2021-22,Q4
2022-04-01,2022,4,Apr,Apr 2022,202204,FY2022-23,Q1
2022-05-01,2022,5,May,May 2022,202205,FY2022-23,Q1
2022-06-01,2022,6,Jun,Jun 2022,202206,FY2022-23,Q1
2022-07-01,2022,7,Jul,Jul 2022,202207,FY2022-23,Q2
2022-08-01,2022,8,Aug,Aug 2022,202208,FY2022-23,Q2
2022-09-01,2022,9,Sep,Sep 2022,202209,FY2022-23,Q2
2022-10-01,2022,10,Oct,Oct 2022,202210,FY2022-23,Q3
2022-11-01,2022,11,Nov,Nov 2022,202211,FY2022-23,Q3
2022-12-01,2022,12,Dec,Dec 2022,202212,FY2022-23,Q3
2023-01-01,2023,1,Jan,Jan 2023,202301,FY2022-23,Q4
2023-02-01,2023,2,Feb,Feb 2023,202302,FY2022-23,Q4
2023-03-01,2023,3,Mar,Mar 2023,202303,FY2022-23,Q4
2023-04-01,2023,4,Apr,Apr 2023,202304,FY2023-24,Q1
2023-05-01,2023,5,May,May 2023,202305,FY2023-24,Q1
2023-06-01,2023,6,Jun,Jun 2023,202306,FY2023-24,Q1
2023-07-01,2023,7,Jul,Jul 2023,202307,FY2023-24,Q2
2023-08-01,2023,8,Aug,Aug 2023,202308,FY2023-24,Q2
2023-09-01,2023,9,Sep,Sep 2023,202309,FY2023-24,Q2
2023-10-01,2023,10,Oct,Oct 2023,202310,FY2023-24,Q3
2023-11-01,2023,11,Nov,Nov 2023,202311,FY2023-24,Q3
2023-12-01,2023,12,Dec,Dec 2023,202312,FY2023-24,Q3
2024-01-01,2024,1,Jan,Jan 2024,202401,FY2023-24,Q4
2024-02-01,2024,2,Feb,Feb 2024,202402,FY2023-24,Q4
2024-03-01,2024,3,Mar,Mar 2024,202403,FY2023-24,Q4
2024-04-01,2024,4,Apr,Apr 2024,202404,FY2024-25,Q1
2024-05-01,2024,5,May,May 2024,202405,FY2024-25,Q1
2024-06-01,2024,6,Jun,Jun 2024,202406,FY2024-25,Q1
2024-07-01,2024,7,Jul,Jul 2024,202407,FY2024-25,Q2
2024-08-01,2024,8,Aug,Aug 2024,202408,FY2024-25,Q2
2024-09-01,2024,9,Sep,Sep 2024,202409,FY2024-25,Q2
2024-10-01,2024,10,Oct,Oct 2024,202410,FY2024-25,Q3
2024-11-01,2024,11,Nov,Nov 2024,202411,FY2024-25,Q3
2024-12-01,2024,12,Dec,Dec 2024,202412,FY2024-25,Q3
2025-01-01,2025,1,Jan,Jan 2025,202501,FY2024-25,Q4
2025-02-01,2025,2,Feb,Feb 2025,202502,FY2024-25,Q4
2025-03-01,2025,3,Mar,Mar 2025,202503,FY2024-25,Q4
2025-04-01,2025,4,Apr,Apr 2025,202504,FY2025-26,Q1
2025-05-01,2025,5,May,May 2025,202505,FY2025-26,Q1
2025-06-01,2025,6,Jun,Jun 2025,202506,FY2025-26,Q1
2025-07-01,2025,7,Jul,Jul 2025,202507,FY2025-26,Q2
2025-08-01,2025,8,Aug,Aug 2025,202508,FY2025-26,Q2
2025-09-01,2025,9,Sep,Sep 2025,202509,FY2025-26,Q2
2025-10-01,2025,10,Oct,Oct 2025,202510,FY2025-26,Q3
2025-11-01,2025,11,Nov,Nov 2025,202511,FY2025-26,Q3
2025-12-01,2025,12,Dec,Dec 2025,202512,FY2025-26,Q3
2026-01-01,2026,1,Jan,Jan 2026,202601,FY2025-26,Q4
2026-02-01,2026,2,Feb,Feb 2026,202602,FY2025-26,Q4
2026-03-01,2026,3,Mar,Mar 2026,202603,FY2025-26,Q4
2026-04-01,2026,4,Apr,Apr 2026,202604,FY2026-27,Q1
2026-05-01,2026,5,May,May 2026,202605,FY2026-27,Q1
2026-06-01,2026,6,Jun,Jun 2026,202606,FY2026-27,Q1
2026-07-01,2026,7,Jul,Jul 2026,202607,FY2026-27,Q2
2026-08-01,2026,8,Aug,Aug 2026,202608,FY2026-27,Q2
2026-09-01,2026,9,Sep,Sep 2026,202609,FY2026-27,Q2
2026-10-01,2026,10,Oct,Oct 2026,202610,FY2026-27,Q3
2026-11-01,2026,11,Nov,Nov 2026,202611,FY2026-27,Q3
2026-12-01,2026,12,Dec,Dec 2026,202612,FY2026-27,Q3
