Date,Tier,MCC,Category,Volume_Mn,Value_Cr
2026-08-01,High transacting,5411,Groceries and supermarkets,3995.82,86881.84
2026-08-01,High transacting,5814,Fast food restaurants,1517.37,18506.83
2026-08-01,High transacting,5812,Eating places and restaurants,1300.07,22662.96
2026-08-01,High transacting,4814,Telecommunication services,817.79,23261.73
2026-08-01,High transacting,5541,Service stations (fuel),772.9,44193.12
2026-08-01,High transacting,5462,Bakeries,515.4,7231.42
2026-08-01,High transacting,5993,Cigar shops and stands,470.47,3057.94
2026-08-01,High transacting,5912,Drug stores and pharmacies,335.88,13865.97
2026-08-01,High transacting,5451,Dairies,298.19,6525.84
2026-08-01,High transacting,5412,Purchase of digital gold,249.21,2488.52
2026-08-01,Medium transacting,7322,Debt collection agencies,214.98,73983.41
2026-08-01,Medium transacting,5921,"Beer, wine and liquor shops",214.96,8881.02
2026-08-01,Medium transacting,5262,Online marketplaces,185.96,9961.23
2026-08-01,Medium transacting,9399,Government services,152.58,11031.82
2026-08-01,Medium transacting,4900,"Utilities (electric, gas, water)",149.57,24636.11
2026-08-01,Medium transacting,5441,"Candy, nut and confectionery shops",136.29,2816.53
2026-08-01,Medium transacting,5422,Meat provisioners,121.51,4217.27
2026-08-01,Medium transacting,5331,Variety stores,108.6,4368.47
2026-08-01,Medium transacting,5651,Family clothing shops,98.45,8724.28
2026-08-01,Medium transacting,7230,Beauty and barber shops,94.03,2634.74
2026-08-01,Other,5813,Bars and drinking places,93.02,3690.22
2026-08-01,Other,5691,Men's and women's clothing shops,92.72,11084.56
2026-08-01,Other,5815,"Digital goods: media, books, movies, music",91.03,2071.78
2026-08-01,Other,7622,Electronics repair shops,87.64,2431.55
2026-08-01,Other,5311,Department stores,84.8,5191.44
2026-08-01,Other,6211,Securities brokers and dealers,84.12,63667.21
2026-08-01,Other,4121,Taxis and cabs,82.86,1204.95
2026-08-01,Other,5732,Electronics shops,82.18,11112.68
2026-08-01,Other,5137,Uniforms and commercial clothing,79.04,7338.6
2026-08-01,Other,0,All other merchant categories,2982.57,407596.64
