Date,FinancialYear,BanksLive,Volume_Mn,Value_Cr,AvgTicket_Rs
2016-04-01,FY2016-17,21,0.0,0.0,
2016-05-01,FY2016-17,21,0.0,0.0,
2016-06-01,FY2016-17,21,0.0,0.0,
2016-07-01,FY2016-17,21,0.09,0.38,42.0
2016-08-01,FY2016-17,21,0.09,3.09,343.0
2016-09-01,FY2016-17,25,0.09,32.64,3627.0
2016-10-01,FY2016-17,26,0.1,48.57,4857.0
2016-11-01,FY2016-17,30,0.29,100.46,3464.0
2016-12-01,FY2016-17,35,1.99,707.93,3557.0
2017-01-01,FY2016-17,36,4.46,1696.22,3803.0
2017-02-01,FY2016-17,44,4.38,1937.71,4424.0
2017-03-01,FY2016-17,44,6.37,2425.14,3807.0
2017-04-01,FY2017-18,48,7.2,2271.24,3154.0
2017-05-01,FY2017-18,49,9.36,2797.07,2988.0
2017-06-01,FY2017-18,52,10.35,3098.36,2994.0
2017-07-01,FY2017-18,53,11.63,3411.35,2933.0
2017-08-01,FY2017-18,55,16.8,4156.62,2474.0
2017-09-01,FY2017-18,57,30.98,5325.81,1719.0
2017-10-01,FY2017-18,60,76.96,7057.78,917.0
2017-11-01,FY2017-18,61,105.02,9669.33,921.0
2017-12-01,FY2017-18,67,145.64,13174.24,905.0
2018-01-01,FY2017-18,71,151.83,15571.2,1026.0
2018-02-01,FY2017-18,86,171.4,19126.2,1116.0
2018-03-01,FY2017-18,91,178.05,24172.6,1358.0
2018-04-01,FY2018-19,97,190.08,27021.85,1422.0
2018-05-01,FY2018-19,101,189.48,33288.51,1757.0
2018-06-01,FY2018-19,110,246.37,40834.03,1657.0
2018-07-01,FY2018-19,114,273.75,51843.14,1894.0
2018-08-01,FY2018-19,114,312.02,54212.26,1737.0
2018-09-01,FY2018-19,122,405.87,59835.36,1474.0
2018-10-01,FY2018-19,128,482.36,74978.27,1554.0
2018-11-01,FY2018-19,128,524.94,82232.21,1567.0
2018-12-01,FY2018-19,129,620.17,102594.82,1654.0
2019-01-01,FY2018-19,134,672.75,109932.43,1634.0
2019-02-01,FY2018-19,139,674.19,106737.12,1583.0
2019-03-01,FY2018-19,142,799.54,133460.72,1669.0
2019-04-01,FY2019-20,144,781.79,142034.39,1817.0
2019-05-01,FY2019-20,143,733.54,152449.29,2078.0
2019-06-01,FY2019-20,142,754.54,146566.35,1942.0
2019-07-01,FY2019-20,143,822.29,146386.64,1780.0
2019-08-01,FY2019-20,141,918.35,154504.89,1682.0
2019-09-01,FY2019-20,141,955.02,161456.56,1691.0
2019-10-01,FY2019-20,141,1148.36,191359.94,1666.0
2019-11-01,FY2019-20,143,1218.77,189229.09,1553.0
2019-12-01,FY2019-20,143,1308.4,202520.76,1548.0
2020-01-01,FY2019-20,144,1305.02,216242.97,1657.0
2020-02-01,FY2019-20,146,1325.69,222516.95,1678.0
2020-03-01,FY2019-20,148,1246.84,206462.31,1656.0
2020-04-01,FY2020-21,153,999.57,151140.66,1512.0
2020-05-01,FY2020-21,155,1234.5,218391.6,1769.0
2020-06-01,FY2020-21,155,1336.93,261835.0,1958.0
2020-07-01,FY2020-21,164,1497.36,290537.86,1940.0
2020-08-01,FY2020-21,168,1618.83,298307.61,1843.0
2020-09-01,FY2020-21,174,1800.14,329027.66,1828.0
2020-10-01,FY2020-21,189,2071.62,386106.74,1864.0
2020-11-01,FY2020-21,200,2210.23,390999.15,1769.0
2020-12-01,FY2020-21,207,2234.16,416176.21,1863.0
2021-01-01,FY2020-21,207,2302.73,431181.89,1872.0
2021-02-01,FY2020-21,213,2292.9,425062.76,1854.0
2021-03-01,FY2020-21,216,2731.68,504886.44,1848.0
2021-04-01,FY2021-22,220,2641.06,493663.68,1869.0
2021-05-01,FY2021-22,224,2539.57,490638.65,1932.0
2021-06-01,FY2021-22,229,2807.51,547373.17,1950.0
2021-07-01,FY2021-22,235,3247.82,606281.14,1867.0
2021-08-01,FY2021-22,249,3555.55,639116.95,1798.0
2021-09-01,FY2021-22,259,3654.3,654351.81,1791.0
2021-10-01,FY2021-22,261,4218.65,771444.98,1829.0
2021-11-01,FY2021-22,274,4186.48,768436.11,1836.0
2021-12-01,FY2021-22,282,4566.3,826848.22,1811.0
2022-01-01,FY2021-22,297,4617.15,831993.11,1802.0
2022-02-01,FY2021-22,304,4527.49,826843.0,1826.0
2022-03-01,FY2021-22,314,5405.65,960581.66,1777.0
2022-04-01,FY2022-23,316,5583.05,983302.27,1761.0
2022-05-01,FY2022-23,323,5955.2,1041520.07,1749.0
2022-06-01,FY2022-23,330,5862.75,1014384.31,1730.0
2022-07-01,FY2022-23,338,6288.4,1062991.76,1690.0
2022-08-01,FY2022-23,346,6579.63,1072792.68,1630.0
2022-09-01,FY2022-23,358,6780.8,1116438.1,1646.0
2022-10-01,FY2022-23,365,7305.42,1211582.51,1658.0
2022-11-01,FY2022-23,376,7309.45,1190593.39,1629.0
2022-12-01,FY2022-23,382,7829.49,1282055.01,1637.0
2023-01-01,FY2022-23,385,8036.89,1298726.62,1616.0
2023-02-01,FY2022-23,390,7534.76,1235846.62,1640.0
2023-03-01,FY2022-23,399,8685.3,1410443.01,1624.0
2023-04-01,FY2023-24,414,8863.26,1415504.71,1597.0
2023-05-01,FY2023-24,445,9415.19,1489145.44,1582.0
2023-06-01,FY2023-24,458,9335.06,1475464.26,1581.0
2023-07-01,FY2023-24,473,9964.61,1533536.44,1539.0
2023-08-01,FY2023-24,484,10586.02,1576536.56,1489.0
2023-09-01,FY2023-24,492,10555.69,1579133.18,1496.0
2023-10-01,FY2023-24,505,11408.79,1715768.34,1504.0
2023-11-01,FY2023-24,516,11235.29,1739740.61,1548.0
2023-12-01,FY2023-24,522,12020.23,1822949.42,1517.0
2024-01-01,FY2023-24,550,12203.02,1841083.97,1509.0
2024-02-01,FY2023-24,560,12102.67,1827869.35,1510.0
2024-03-01,FY2023-24,572,13440.0,1978353.23,1472.0
2024-04-01,FY2024-25,583,13303.99,1964464.52,1477.0
2024-05-01,FY2024-25,598,14035.84,2044937.05,1457.0
2024-06-01,FY2024-25,602,13885.14,2007081.2,1445.0
2024-07-01,FY2024-25,605,14435.55,2064292.41,1430.0
2024-08-01,FY2024-25,608,14963.05,2060735.57,1377.0
2024-09-01,FY2024-25,622,15041.75,2063994.71,1372.0
2024-10-01,FY2024-25,632,16584.97,2349821.46,1417.0
2024-11-01,FY2024-25,637,15482.02,2155187.4,1392.0
2024-12-01,FY2024-25,641,16730.01,2324699.91,1390.0
2025-01-01,FY2024-25,647,16996.0,2348037.12,1382.0
2025-02-01,FY2024-25,653,16106.19,2196481.69,1364.0
2025-03-01,FY2024-25,661,18301.51,2477221.61,1354.0
2025-04-01,FY2025-26,668,17893.42,2394925.87,1338.0
2025-05-01,FY2025-26,673,18677.46,2514297.01,1346.0
2025-06-01,FY2025-26,675,18395.01,2403930.69,1307.0
2025-07-01,FY2025-26,684,19467.95,2508498.09,1289.0
2025-08-01,FY2025-26,688,20008.31,2485472.91,1242.0
2025-09-01,FY2025-26,686,19633.43,2489736.54,1268.0
2025-10-01,FY2025-26,683,20700.92,2727790.68,1318.0
2025-11-01,FY2025-26,684,20466.98,2631632.63,1286.0
2025-12-01,FY2025-26,685,21634.67,2796712.73,1293.0
2026-01-01,FY2025-26,691,21703.44,2833481.22,1306.0
2026-02-01,FY2025-26,694,20394.18,2684229.29,1316.0
2026-03-01,FY2025-26,705,22641.11,2952542.05,1304.0
2026-04-01,FY2026-27,713,22346.8,2902988.05,1299.0
2026-05-01,FY2026-27,720,23201.93,2990424.21,1289.0
2026-06-01,FY2026-27,731,22716.07,2892138.67,1273.0
2026-07-01,FY2026-27,741,23658.35,2987880.49,1263.0
2026-08-01,FY2026-27,752,24508.96,2982355.95,1217.0
2026-09-01,FY2026-27,756,24068.38,2937396.67,1220.0
