Date,TxnType,Volume_Mn,Value_Cr
2022-04-01,P2P (Person to Person),3319.85,805925.89
2022-04-01,P2M (Person to Merchant),2263.2,177376.39
2022-05-01,P2P (Person to Person),3408.55,827153.68
2022-05-01,P2M (Person to Merchant),2546.65,214366.39
2022-06-01,P2P (Person to Person),3302.67,800412.5
2022-06-01,P2M (Person to Merchant),2560.08,213971.81
2022-07-01,P2P (Person to Person),3289.15,832265.84
2022-07-01,P2M (Person to Merchant),2999.25,230725.92
2022-08-01,P2P (Person to Person),3289.26,833370.86
2022-08-01,P2M (Person to Merchant),3290.37,239421.82
2022-09-01,P2P (Person to Person),3233.61,862049.27
2022-09-01,P2M (Person to Merchant),3547.19,254388.83
2022-10-01,P2P (Person to Person),3436.66,928872.06
2022-10-01,P2M (Person to Merchant),3868.76,282710.45
2022-11-01,P2P (Person to Person),3401.49,921601.77
2022-11-01,P2M (Person to Merchant),3907.96,268991.61
2022-12-01,P2P (Person to Person),3602.19,991748.31
2022-12-01,P2M (Person to Merchant),4227.3,290306.69
2023-01-01,P2P (Person to Person),3625.95,997781.02
2023-01-01,P2M (Person to Merchant),4410.94,300945.6
2023-02-01,P2P (Person to Person),3381.56,956834.37
2023-02-01,P2M (Person to Merchant),4153.2,279012.26
2023-03-01,P2P (Person to Person),3859.05,1088096.36
2023-03-01,P2M (Person to Merchant),4826.25,322346.66
2023-04-01,P2P (Person to Person),3868.39,1086509.94
2023-04-01,P2M (Person to Merchant),5029.74,321327.66
2023-05-01,P2P (Person to Person),4045.48,1145072.32
2023-05-01,P2M (Person to Merchant),5369.7,344073.18
2023-06-01,P2P (Person to Person),3971.43,1125422.26
2023-06-01,P2M (Person to Merchant),5363.63,350042.01
2023-07-01,P2P (Person to Person),4184.42,1148397.97
2023-07-01,P2M (Person to Merchant),5780.19,385247.22
2023-08-01,P2P (Person to Person),4388.83,1179095.66
2023-08-01,P2M (Person to Merchant),6197.18,397440.9
2023-09-01,P2P (Person to Person),4373.12,1182916.93
2023-09-01,P2M (Person to Merchant),6182.57,396216.25
2023-10-01,P2P (Person to Person),4689.42,1273587.62
2023-10-01,P2M (Person to Merchant),6719.37,442180.74
2023-11-01,P2P (Person to Person),4649.47,1292866.82
2023-11-01,P2M (Person to Merchant),6585.81,446873.79
2023-12-01,P2P (Person to Person),4754.79,1347696.13
2023-12-01,P2M (Person to Merchant),7265.44,475253.29
2024-01-01,P2P (Person to Person),4753.09,1340323.61
2024-01-01,P2M (Person to Merchant),7449.93,500760.37
2024-02-01,P2P (Person to Person),4742.69,1348523.03
2024-02-01,P2M (Person to Merchant),7359.98,479346.31
2024-03-01,P2P (Person to Person),5144.03,1460125.24
2024-03-01,P2M (Person to Merchant),8295.97,518227.99
2024-04-01,P2P (Person to Person),4996.52,1433520.79
2024-04-01,P2M (Person to Merchant),8307.47,530943.73
2024-05-01,P2P (Person to Person),5231.01,1488235.39
2024-05-01,P2M (Person to Merchant),8804.83,556701.66
2024-06-01,P2P (Person to Person),5164.39,1447142.17
2024-06-01,P2M (Person to Merchant),8720.75,559938.98
2024-07-01,P2P (Person to Person),5435.96,1471369.99
2024-07-01,P2M (Person to Merchant),8999.59,592922.41
2024-08-01,P2P (Person to Person),5625.77,1484591.0
2024-08-01,P2M (Person to Merchant),9337.28,576144.57
2024-09-01,P2P (Person to Person),5688.87,1497941.07
2024-09-01,P2M (Person to Merchant),9352.88,566053.64
2024-10-01,P2P (Person to Person),6281.79,1681872.99
2024-10-01,P2M (Person to Merchant),10303.18,667948.46
2024-11-01,P2P (Person to Person),5833.16,1556010.77
2024-11-01,P2M (Person to Merchant),9648.87,599176.63
2024-12-01,P2P (Person to Person),6335.63,1692632.54
2024-12-01,P2M (Person to Merchant),10394.38,632067.37
2025-01-01,P2P (Person to Person),6426.25,1703333.03
2025-01-01,P2M (Person to Merchant),10569.75,644704.09
2025-02-01,P2P (Person to Person),6039.45,1606397.95
2025-02-01,P2M (Person to Merchant),10066.74,590083.74
2025-03-01,P2P (Person to Person),6840.45,1806811.06
2025-03-01,P2M (Person to Merchant),11461.06,670410.55
2025-04-01,P2P (Person to Person),6539.82,1731364.08
2025-04-01,P2M (Person to Merchant),11353.6,663561.79
2025-05-01,P2P (Person to Person),6823.8,1817672.02
2025-05-01,P2M (Person to Merchant),11853.66,696624.99
2025-06-01,P2P (Person to Person),6685.63,1721058.47
2025-06-01,P2M (Person to Merchant),11709.38,682872.22
2025-07-01,P2P (Person to Person),7079.843,1774485.73
2025-07-01,P2M (Person to Merchant),12388.11,734012.36
2025-08-01,P2P (Person to Person),7303.15,1761675.49
2025-08-01,P2M (Person to Merchant),12705.16,723797.42
2025-09-01,P2P (Person to Person),7266.46,1770169.25
2025-09-01,P2M (Person to Merchant),12366.97,719567.29
2025-10-01,P2P (Person to Person),7673.36,1902048.48
2025-10-01,P2M (Person to Merchant),13027.56,825742.2
2025-11-01,P2P (Person to Person),7626.49,1867080.57
2025-11-01,P2M (Person to Merchant),12840.49,764552.06
2025-12-01,P2P (Person to Person),8152.29,1989139.74
2025-12-01,P2M (Person to Merchant),13482.38,807572.99
2026-01-01,P2P (Person to Person),8095.35,1992655.39
2026-01-01,P2M (Person to Merchant),13608.1,840825.83
2026-02-01,P2P (Person to Person),7598.4,1911812.35
2026-02-01,P2M (Person to Merchant),12795.78,772416.94
2026-03-01,P2P (Person to Person),8460.65,2091059.0
2026-03-01,P2M (Person to Merchant),14180.46,861483.05
2026-04-01,P2P (Person to Person),8236.58,2051386.16
2026-04-01,P2M (Person to Merchant),14110.22,851601.89
2026-05-01,P2P (Person to Person),8480.63,2117966.16
2026-05-01,P2M (Person to Merchant),14721.3,872458.05
2026-06-01,P2P (Person to Person),8288.19,2031141.53
2026-06-01,P2M (Person to Merchant),14427.88,860997.14
2026-07-01,P2P (Person to Person),8686.5,2081267.3
2026-07-01,P2M (Person to Merchant),14971.85,906613.19
2026-08-01,P2P (Person to Person),8998.95,2087035.27
2026-08-01,P2M (Person to Merchant),15510.01,895320.68
