Date,State,Volume_Mn,Value_Cr
2026-08-01,Maharashtra,2387.27,278444
2026-08-01,Karnataka,1267.99,175515
2026-08-01,Uttar Pradesh,1264.9,153004
2026-08-01,Tamil Nadu,998.58,150170
2026-08-01,Telangana,964.23,146863
2026-08-01,Andhra Pradesh,691.92,112407
2026-08-01,Gujarat,624.36,92469
2026-08-01,Rajasthan,612.2,85756
2026-08-01,Delhi,569.78,72775
2026-08-01,West Bengal,521.11,70678
2026-08-01,Kerala,509.59,71042
2026-08-01,Madhya Pradesh,507.87,63628
2026-08-01,Bihar,501.91,64603
2026-08-01,Haryana,469.18,64236
2026-08-01,Odisha,316.89,38634
2026-08-01,Punjab,260.73,41883
2026-08-01,Assam,254.66,25356
2026-08-01,Jharkhand,201.25,24297
2026-08-01,Chhattisgarh,155.21,18716
2026-08-01,Uttarakhand,133.23,15784
2026-08-01,Jammu and Kashmir,108.11,13577
2026-08-01,Himachal Pradesh,67.05,8429
2026-08-01,Goa,38.15,5589
2026-08-01,Chandigarh,30.6,3732
2026-08-01,Arunachal Pradesh,27.32,3439
2026-08-01,Puducherry,22.98,3187
2026-08-01,Meghalaya,20.28,2352
2026-08-01,Manipur,19.28,3433
2026-08-01,Tripura,18.47,2305
2026-08-01,Mizoram,16.42,2170
2026-08-01,Nagaland,15.16,2040
2026-08-01,Dadra & Nagar Haveli & Daman & Diu,11.71,1263
2026-08-01,Sikkim,10.15,1267
2026-08-01,Ladakh,5.6,995
2026-08-01,Andaman and Nicobar Islands,4.48,648
2026-08-01,Lakshadweep,0.76,79
2026-08-01,Unclassified,10879.59,1161591
2025-08-01,Maharashtra,1985.58,232558
2025-08-01,Karnataka,1077.76,142489
2025-08-01,Uttar Pradesh,1059.4,131587
2025-08-01,Telangana,803.98,122334
2025-08-01,Tamil Nadu,799.24,118150
2025-08-01,Andhra Pradesh,551.48,92182
2025-08-01,Rajasthan,541.39,74950
2025-08-01,Gujarat,515.15,73518
2025-08-01,Delhi,487.28,59774
2025-08-01,West Bengal,436.15,62203
2025-08-01,Madhya Pradesh,436.1,55552
2025-08-01,Haryana,401.3,53984
2025-08-01,Kerala,399.48,56071
2025-08-01,Bihar,399.25,55622
2025-08-01,Odisha,277.85,34040
2025-08-01,Punjab,211.76,33564
2025-08-01,Assam,203.78,21465
2025-08-01,Jharkhand,171.24,21569
2025-08-01,Chhattisgarh,134.57,16359
2025-08-01,Uttarakhand,108.74,12977
2025-08-01,Jammu and Kashmir,81.02,10254
2025-08-01,Himachal Pradesh,54.88,6739
2025-08-01,Goa,32.27,4538
2025-08-01,Chandigarh,26.58,3189
2025-08-01,Arunachal Pradesh,21.4,2707
2025-08-01,Puducherry,18.83,2548
2025-08-01,Meghalaya,15.91,2008
2025-08-01,Manipur,14.85,2862
2025-08-01,Tripura,14.59,1874
2025-08-01,Nagaland,12.24,1753
2025-08-01,Mizoram,11.86,1705
2025-08-01,Dadra & Nagar Haveli & Daman & Diu,10.82,1113
2025-08-01,Sikkim,8.11,988
2025-08-01,Ladakh,4.48,781
2025-08-01,Andaman and Nicobar Islands,3.77,551
2025-08-01,Lakshadweep,0.56,56
2025-08-01,Unclassified,8674.66,970860
