Date,Rank,Bank,BankType,Volume_Mn,Value_Cr
2026-08-01,1,State Bank of India,Public Sector,6214.93,764572.56
2026-08-01,2,HDFC Bank Ltd.,Private Sector,1662.54,308268.3
2026-08-01,3,Bank of Baroda,Public Sector,1578.24,173647.24
2026-08-01,4,Union Bank of India,Public Sector,1433.41,167578.93
2026-08-01,5,Punjab National Bank,Public Sector,1367.31,147258.8
2026-08-01,6,Canara Bank,Public Sector,1157.56,146688.96
2026-08-01,7,Kotak Mahindra Bank,Private Sector,1077.03,113756.92
2026-08-01,8,Axis Bank Ltd.,Private Sector,994.04,154744.99
2026-08-01,9,ICICI Bank Ltd.,Private Sector,789.07,141712.7
2026-08-01,10,India Post Payments Bank Limited,Payments Bank / PPI,773.71,36945.91
2026-08-01,11,Indian Bank,Public Sector,766.36,81329.11
2026-08-01,12,Bank of India,Public Sector,717.63,85480.11
2026-08-01,13,Airtel Payments Bank Limited,Payments Bank / PPI,590.0,30424.4
2026-08-01,14,Indian Overseas Bank,Public Sector,436.84,50627.94
2026-08-01,15,Central Bank of India,Public Sector,402.06,48493.18
2026-08-01,16,UCO Bank,Public Sector,326.36,31302.08
2026-08-01,17,Federal Bank Ltd.,Private Sector,280.23,38733.65
2026-08-01,18,Bank of Maharashtra,Public Sector,248.15,27533.68
2026-08-01,19,Indusind Bank Ltd.,Private Sector,233.56,30136.32
2026-08-01,20,Fino Payments Bank Ltd.,Payments Bank / PPI,231.75,11022.64
2026-08-01,21,IDBI Bank Ltd.,Private Sector,220.35,35414.16
2026-08-01,22,Tri O Tech Solutions (FamApp),Payments Bank / PPI,219.49,2903.7
2026-08-01,23,IDFC Bank Ltd.,Private Sector,167.26,24803.34
2026-08-01,24,Yes Bank Ltd.,Private Sector,163.96,25281.25
2026-08-01,25,Karnataka Bank Ltd.,Private Sector,153.44,19821.29
2025-08-01,1,State Bank of India,Public Sector,5028.23,645449.35
2025-08-01,2,HDFC Bank Ltd.,Private Sector,1505.6,271839.67
2025-08-01,3,Bank of Baroda,Public Sector,1252.33,146855.3
2025-08-01,4,Union Bank of India,Public Sector,1137.4,135182.55
2025-08-01,5,Punjab National Bank,Public Sector,1031.74,120816.76
2025-08-01,6,Kotak Mahindra Bank,Private Sector,903.74,90254.23
2025-08-01,7,Canara Bank,Public Sector,900.06,111941.58
2025-08-01,8,Axis Bank Ltd.,Private Sector,857.34,132181.73
2025-08-01,9,ICICI Bank Ltd.,Private Sector,720.07,120673.56
2025-08-01,10,Indian Bank,Public Sector,608.41,67202.21
2025-08-01,11,India Post Payments Bank Limited,Payments Bank / PPI,593.13,28430.84
2025-08-01,12,Airtel Payments Bank Limited,Payments Bank / PPI,546.96,26365.24
2025-08-01,13,Bank of India,Public Sector,538.13,67559.65
2025-08-01,14,Indian Overseas Bank,Public Sector,306.55,37092.74
2025-08-01,15,Central Bank of India,Public Sector,280.42,37502.03
2025-08-01,16,UCO Bank,Public Sector,260.35,25969.2
2025-08-01,17,Federal Bank Ltd.,Private Sector,247.07,31942.03
2025-08-01,18,Bank of Maharashtra,Public Sector,204.89,22488.35
2025-08-01,19,Fino Payments Bank Ltd.,Payments Bank / PPI,204.62,9333.07
2025-08-01,20,IDBI Bank Ltd.,Private Sector,191.78,30546.84
2025-08-01,21,Indusind Bank Ltd.,Private Sector,184.29,24643.23
2025-08-01,22,Yes Bank Ltd.,Private Sector,142.82,23884.8
2025-08-01,23,Tri O Tech Solutions (FamApp),Payments Bank / PPI,134.92,1685.09
2025-08-01,24,Karnataka Bank Ltd.,Private Sector,131.8,16675.1
2025-08-01,25,IDFC Bank Ltd.,Private Sector,112.81,18461.31
2024-08-01,1,State Bank of India,Public Sector,3825.45,549649.2
2024-08-01,2,HDFC Bank Ltd.,Private Sector,1210.66,227917.92
2024-08-01,3,Bank of Baroda,Public Sector,911.45,118079.83
2024-08-01,4,Union Bank of India,Public Sector,880.84,114603.61
2024-08-01,5,Punjab National Bank,Public Sector,768.11,103237.27
2024-08-01,6,Kotak Mahindra Bank,Private Sector,714.45,76094.14
2024-08-01,7,Axis Bank Ltd.,Private Sector,697.4,112518.31
2024-08-01,8,Canara Bank,Public Sector,672.62,89066.72
2024-08-01,9,ICICI Bank Ltd.,Private Sector,623.71,118549.43
2024-08-01,10,Bank of India,Public Sector,448.88,59470.28
2024-08-01,11,Indian Bank,Public Sector,434.52,53066.78
2024-08-01,12,Airtel Payments Bank Limited,Payments Bank / PPI,394.17,20822.32
2024-08-01,13,India Post Payments Bank Limited,Payments Bank / PPI,308.64,15000.96
2024-08-01,14,Federal Bank Ltd.,Private Sector,208.58,26407.08
2024-08-01,15,Indian Overseas Bank,Public Sector,201.45,26849.49
2024-08-01,16,Central Bank of India,Public Sector,192.88,29456.77
2024-08-01,17,UCO Bank,Public Sector,185.35,20234.66
2024-08-01,18,IDBI Bank Ltd.,Private Sector,156.88,26461.13
2024-08-01,19,Bank of Maharashtra,Public Sector,152.72,17669.16
2024-08-01,20,Indusind Bank Ltd.,Private Sector,144.27,21519.9
2024-08-01,21,Fino Payments Bank Ltd.,Payments Bank / PPI,140.45,6480.65
2024-08-01,22,Karnataka Bank Ltd.,Private Sector,109.18,14659.56
2024-08-01,23,Yes Bank Ltd.,Private Sector,106.22,21704.0
2024-08-01,24,IDFC Bank Ltd.,Private Sector,84.25,14275.26
2024-08-01,25,Karur Vysya Bank,Private Sector,68.6,13701.2
